{"accuracy": [0.5997439622879028, 0.8639875054359436, 0.9153566956520081, 0.940678596496582, 0.9548047780990601, 0.9650615453720093, 0.971747636795044, 0.9752898216247559, 0.9796713590621948, 0.9816487431526184], "loss": [1.3603795766830444, 0.4269104301929474, 0.2612207233905792, 0.1818658411502838, 0.13737180829048157, 0.10707953572273254, 0.08610713481903076, 0.07626049220561981, 0.06186414137482643, 0.05683085322380066], "val_accuracy": [0.8320623636245728, 0.8938083052635193, 0.9174823760986328, 0.9357500672340393, 0.9488959908485413, 0.9479285478591919, 0.9638060331344604, 0.9597086310386658, 0.9754723310470581, 0.9609037041664124], "val_loss": [0.5250501036643982, 0.325693815946579, 0.24930761754512787, 0.2075573205947876, 0.16339850425720215, 0.16555634140968323, 0.1204935684800148, 0.1322091668844223, 0.08349655568599701, 0.13949783146381378]}